Polynomial Degree,Mean Error,Max Error,Total Time,Number of countries
1,-4.5917742474664465,-3.906763992412712,201.16858792304993,10
