Polynomial Degree,Mean Error,Max Error,Total Time,Number of countries
1,-5.285566553598265,-4.449631240720058,61038.88286232948,70
