Polynomial Degree,Mean Error,Max Error,Total Time,Number of countries
1,-5.4195885218405255,-4.392024156212249,29675.194358348846,100
