Polynomial Degree,Mean Error,Max Error,Total Time,Number of countries
1,-5.092642565777797,-4.372448521251861,8418.128648281097,40
