Polynomial Degree,Mean Error,Max Error,Total Time,Number of countries
1,-5.146520085929548,-4.370794458802571,11836.452858448029,80
