Polynomial Degree,Mean Error,Max Error,Total Time,Number of countries
1,-5.094810791748304,-4.411996343579542,541.5135524272919,20
