Polynomial Degree,Mean Error,Max Error,Total Time,Number of countries
1,-5.077283254637449,-4.395215840694405,1281.122041463852,30
