Polynomial Degree,Mean Error,Max Error,Total Time,Number of countries
1,-5.110916846291621,-4.3298589481984315,6892.040584087372,60
