Polynomial Degree,Mean Error,Max Error,Total Time,Number of countries
1,-4.835739496170705,-4.085443719591638,20369.435147047043,90
