Polynomial Degree,Mean Error,Max Error,Total Time,Number of countries
1,-5.058161258244402,-4.351887285858046,4143.002564907074,50
